id,lipidosis,grade,other.liver.disease,weight,age,HU,fat.perc,fibrosis.perc,insulin,trig,na,k,cl,ca,gldh,bile.acid,ldh,uric.acid,chol,VLDL.perc,LDL.perc,HDL.perc,VLDL,LDL,HDL,non-HDL,hdl.by.chol,ast,alt,alp,ck,xylose,xylitol,valine,uric acid,urea,UDP-glucuronic acid,tyrosine,tryptophan ,trehalose,trans-4-hydroxyproline ,tocopherol alpha-,threonine,threonic acid,threitol,succinic acid,sophorose,shikimic acid,serotonin,serine,salicylic acid,ribose,ribonic acid ,ribitol,putrescine,pseudo uridine,propyleneglycol,proline,pipecolinic acid,phosphoethanolamine,phosphate,phenylethylamine,phenylalanine ,phenylacetic acid,pelargonic acid,pantothenic acid,palmitoleic acid,oxoproline,ornithine ,oleic acid,nicotinamide,N-acetylneuraminic acid,myo-inositol,methylmalonic acid,methionine sulfoxide ,methionine,methanolphosphate,mannose,maltotriose,maltose ,malic acid,lysine,linoleic acid,leucine,lauric acid,lactic acid ,isothreonic acid ,isoribose,isomaltose,isoleucine ,inositol-4-monophosphate,inosine,indole-3-acetate,hypoxanthine,hypotaurine,hydroxylamine,hydroquinone,homocystine ,guanosine,glycine,glycerol-alpha-phosphate,glyceric acid,glutamine ,glutamic acid,glucuronic acid,glucose-1-phosphate,glucose ,gluconic acid,galactonic acid,fumaric acid,fucose ,fructose ,ethanolamine,erythritol,Dopamine ,dihydrocholesterol,dihydro-3-coumaric acid,deoxypentitol,deoxycholic acid,cystine,creatinine,conduritol-beta-epoxide ,citrulline,citric acid,cholesterol,catechol,campesterol ,cadaverine,biuret,beta-sitosterol,beta-glycerolphosphate,beta-alanine,benzoic acid,aspartic acid,asparagine ,arachidonic acid,arabitol,aminomalonic acid,alanine,aconitic acid,5-methoxytryptamine,5-hydroxynorvaline ,5-aminovaleric acid,4-hydroxyphenylacetic acid,4-hydroxybenzoate,4-aminobutyric acid ,3-hydroxybutyric acid,3-hydroxybenzoic acid,"3-Aminopiperidine-2,6-dione ",3-aminoisobutyric acid,"3,4-dihydroxycinnamic acid",2-hydroxyvaleric acid,2-hydroxyglutaric acid,2-hydroxybutanoic acid,2-deoxytetronic acid,2-aminobutyric acid,"2,3-dihydroxybutanoic acid ",1-methylhydantoin,"1,5-anhydroglucitol"
1,no-to-mild,3,N,299,4-7,-21.5,22.7,0.65,3.9,91,144,2.6,115,10,4.94,1.4,600,1.2,170,12,46,40.9,20.4,78.2,69.53,100.47,0.409,53,10,111,189,9615,28868,251623,3360,70105,1779,1057220,56824,1043,14632,13655,46097,37605,8612,2568,133,1962,598,341254,744,3524,1733,1717,2360,538,14646,6967,590,463,90879,282,64844,750,9113,788,2814,214425,208641,30307,1619,273,459044,49696,15069,1434,7665,163957,310,2286,1477,219981,16684,468606,5660,9708,2699,2267,313,259592,775,5167,627,7041,324,11704,1994,1267,527,36824,666,2106,71106,15559,4205,7110,2546909,3127,946,1668,4563,2599,9678,23830,1322,4920,429,1128,33194,19339,193387,5855,21062,24668,431030,290,18678,1377,906,20543,421,7573,12681,1860,6012,2822,6890,1864,158610,538,1369,551,833,653,649,243,2754929,1433,11650,265,575,9793,323,81770,1767,16565,1985,8609,2091
2,no-to-mild,4,N,395,4-7,-23.5,34.6,0.37,2.7,163,159,3.2,135,13.1,0.1,1.8,765,1.6,243,NA,NA,NA,NA,NA,NA,NA,NA,18,6,169,495,10314,20571,344495,7024,141316,1395,570196,76926,4075,19606,17611,45386,51873,14106,3067,309,4903,1203,503785,799,3564,3495,1080,3517,483,46318,57336,5739,4003,117976,343,99558,1363,11322,1128,5423,354260,264329,25052,733,1522,972702,48670,54330,3588,9104,281137,930,11441,1790,364026,11626,408878,2774,13307,3372,1974,2358,231665,905,5550,611,12736,890,12806,1806,610,872,31116,4170,3975,177070,35161,6252,4347,3027307,7018,2481,2980,5135,7246,23986,19526,2514,2901,565,1535,44618,3460,216908,17809,33414,41906,487400,398,27432,1857,1655,2737,596,50444,20517,8440,6615,3198,11428,1682,764627,638,1373,1710,15962,363,695,396,432500,4255,11180,931,539,9793,840,32066,2243,50010,1857,5259,4006
3,moderate-to-severe,8,N,455,4-7,4.5,42.7,13.95,1.5,69,147,2.6,122,11.1,0.1,1.5,179,1,163,37.5,5,57.4,61.125,8.15,93.562,69.438,0.574,27,14,155,65,9602,36474,196847,4446,43139,1136,901598,59588,2069,13064,11783,25382,45824,9009,3816,395,3934,1574,773983,1420,7632,2617,1187,4155,496,17095,22233,818,1408,93263,1101,105023,1269,8748,2429,5521,279680,188187,29782,1598,897,550133,41525,39082,2274,6007,260969,740,6261,4192,196950,17199,379912,4021,7434,4586,2595,1632,208676,606,6533,725,3180,511,13778,1979,427,439,40355,1897,1245,92334,12507,4258,7714,4210317,2651,2558,4333,8189,5725,15981,27890,1880,654,586,1914,32914,10794,243763,10196,19824,48439,403172,245,29957,1888,1311,22098,713,12505,22203,10365,825,3147,9904,2281,559130,800,1847,757,2261,868,985,302,200770,1711,8297,769,1178,13661,692,56374,2001,22101,1888,6052,4270
4,moderate-to-severe,5,N,503,4-7,-2,25.9,0.34,1.6,60,146,2.1,119,10.8,1.49,0.9,128,2.2,148,11,36,52,16.28,53.28,76.96,71.04,0.52,12,16,39,68,8494,24697,289392,7626,69350,599,599756,61565,2791,12037,22026,28171,18570,9714,2821,234,1791,364,1140095,375,3017,2724,413,2957,1370,34879,33438,789,2673,93105,1499,75954,919,6328,1947,4573,260138,177683,32980,1796,416,716700,59718,40060,1901,5188,154314,246,9549,1083,116265,18231,380936,2195,6899,2038,1419,1714,215531,406,6543,523,8821,454,10698,1588,943,330,38537,2069,2028,191076,32086,4573,6877,3189770,5276,4929,1807,8030,3512,10812,26836,3768,3691,347,1252,34072,10062,220764,11569,20385,69590,324870,224,15736,1148,1717,20342,433,9576,20094,9680,5442,4929,11548,1869,233697,926,1442,1804,1332,365,679,133,1410084,15156,14490,374,496,7102,1712,45010,1732,42683,1064,4457,4617
5,no-to-mild,2,N,305,4-7,-30,38,0.46,1.4,375,147,2.8,126,22.6,0.1,1.3,240,0.5,178,46.7,0,49.7,83.126,0,88.466,89.534,0.497,16,6,325,36,10616,24338,129208,509,73280,320,228985,49266,1837,21797,12089,18619,19967,5561,1713,136,7693,2058,545169,694,6807,2407,2233,3012,540,47798,94759,707,3598,107271,5979,49122,6888,9686,2711,6585,536321,200728,38552,1121,792,503235,20864,43205,3688,10662,490622,680,4856,1045,324130,20805,286367,6384,2814,1806,1177,539,134942,269,6189,1171,4216,1337,17409,4881,456,429,58837,3323,1759,156016,15967,3761,3553,2963541,1612,726,2859,11193,3368,38406,15816,3672,5354,457,1020,46691,974,242923,6385,22921,25465,525106,603,17579,1160,751,7494,648,19361,14240,22666,1249,5763,4622,2275,264340,295,998,848,1691,373,1338,187,2104677,16724,16116,685,306,11519,380,37537,2522,24434,811,4620,2809
6,moderate-to-severe,5,N,436,4-7,10.25,32.9,1.04,2.8,73,146,2.1,123,13.3,0.1,2.1,96,0.9,152,11,47,41,16.72,71.44,62.32,89.68,0.41,13,10,103,42,5612,29313,270000,2566,68972,312,1047708,83720,1704,16740,16247,25807,16280,4758,1798,204,2405,316,351407,1319,4121,2999,2223,3705,1325,4938,110228,3645,2090,64671,1132,81639,7741,6596,1732,2163,413087,89995,21818,2417,465,221074,58048,71603,1955,8364,226652,429,3107,1341,127429,10386,327721,2603,6902,655,2485,490,197181,638,5119,3629,6935,375,13916,8970,950,149,94581,976,1838,341560,32169,2761,10065,3637214,5455,4823,2067,5819,3898,17273,16370,1766,4119,426,1834,30549,7028,219308,3355,27863,24597,460867,3055,29214,1168,1346,18641,396,12612,31766,3110,7823,3177,7676,1026,1096860,433,1634,3420,1461,462,1651,216,373399,39851,17782,572,380,12136,580,79256,1777,122434,972,2932,1841
7,no-to-mild,2,Y,383,4-7,4.25,17.8,1.33,1.8,200,140,2.8,119,17.1,0.1,2,306,1.1,157,42,8,49,65.94,12.56,76.93,80.07,0.49,22,9,141,248,13064,13643,176856,2144,41218,751,497249,15803,1906,19100,19297,13005,20056,13431,3742,189,2822,1175,517817,565,3886,4139,1454,1533,592,42063,28802,1964,1531,93505,6293,43422,1054,12415,1338,6955,324891,104729,26782,1362,342,1356661,33198,15743,630,7128,359003,303,3458,1980,137862,12102,270747,4074,12631,2063,547,638,151474,465,10270,846,5109,999,16621,2838,270,473,28839,1912,2476,49665,18840,4794,1631,2785373,4882,4967,2359,31154,3406,36654,29041,1938,4992,450,2079,53175,862,242205,9202,4183,52218,542417,379,17102,1346,1227,19808,505,6669,16667,3827,3378,2592,8714,1891,202598,557,4033,988,2112,603,1622,426,2073190,3867,5192,168,555,16837,613,41512,1824,35074,276,4514,5512
8,no-to-mild,3,N,378,4-7,-26,25.9,1.86,1.9,90,152,2.9,124,11,1.38,2.1,1156,1.6,196,42,9,48,82.32,17.64,94.08,101.92,0.48,34,115,287,4209,11003,26992,478133,3953,78708,1308,1466396,64152,991,8627,22140,41887,12196,7826,3026,189,1788,3423,421191,486,2802,1227,1782,2511,634,6856,54093,1112,1024,104013,662,79409,479,10373,2145,2093,176497,143646,20204,2329,681,322649,101457,17098,1474,6728,181506,523,9292,1531,160288,14261,622626,2547,9213,3703,1073,615,335081,569,3350,710,7310,1000,11762,2073,383,266,55699,2164,2117,21791,8017,4468,2637,2637677,3289,3706,2160,12070,3483,15778,17980,4288,4150,371,1461,19015,3283,406089,4616,12204,23825,393153,274,30227,1267,1233,18902,458,11876,13573,10788,672,2484,6765,1622,217117,429,2159,652,2469,628,854,255,1665172,1494,11388,228,313,22854,565,61323,2247,78744,6352,4349,1101
9,no-to-mild,2,N,375,4-7,-37.5,41.9,0.49,1.3,217,151,3.3,121,9.9,0.1,3.1,379,2.4,167,NA,NA,NA,NA,NA,NA,NA,NA,22,12,195,142,7647,7429,344453,6665,19246,319,864389,38635,13445,11379,9292,30914,8055,2894,1415,520,1687,479,133855,816,3494,4041,1278,1383,533,11864,42613,527,2790,128294,153,55058,1163,7012,1865,3036,244504,63131,25081,618,188,262868,69010,17754,254,8492,142704,1778,46488,597,177949,13311,473221,2082,9159,2271,1554,848,275106,522,13344,970,6348,631,12122,3210,671,159,29735,3573,1915,109060,8501,2438,3573,1525381,1998,2523,1730,9197,2727,21147,8824,1269,4081,340,1185,47672,6171,88058,3189,13854,20806,425543,680,4520,1136,889,16784,412,18882,13532,11306,1207,2082,4991,2429,46969,249,1394,668,12600,1526,1646,392,4531191,14238,13952,279,290,17907,566,116187,663,35084,4553,3882,1776
10,no-to-mild,3,N,289,4-7,-4,31,2.58,1.7,317,152,2.5,130,13.5,0.1,3.1,349,1.7,170,NA,NA,NA,NA,NA,NA,NA,NA,15,7,254,92,13800,14699,298680,4693,22140,219,949122,24315,1872,13938,24779,14646,22727,6705,3019,329,3091,1378,326266,1557,3928,6809,1603,1532,546,14104,28844,1284,2878,120515,941,41961,13347,9857,1373,5260,306184,72698,27014,1461,539,930825,25219,13844,669,11628,321575,485,3719,893,100015,19180,310603,3677,11430,3550,2583,506,201903,1254,8441,3267,4110,1830,16957,5216,548,418,30872,2785,2487,47499,18539,3398,3786,3021943,4315,4080,3627,12076,6933,23556,15221,2224,970,481,964,45242,3652,362173,3539,8473,18335,559189,1164,53984,1857,1674,31728,906,12420,23916,8756,856,3204,5402,2684,131541,410,1815,998,3590,3404,4481,183,1797225,32018,7034,261,520,27148,1277,60790,506,24051,1731,6342,2605
11,no-to-mild,4,N,283,4-7,3,28.6,6.69,1.8,40,149,3.3,129,11.6,0.1,2.5,424,1.7,159,17,40,43,27.03,63.6,68.37,90.63,0.43,28,123,63,859,16064,1203171,161092,2139,41140,777,480725,28921,9034,18839,11918,39196,16524,8102,3611,294,1417,1359,289969,428,479,9329,33725,1612,344,20192,16586,524,2319,62969,676,56568,1007,7683,3021,4784,467695,117902,27265,1379,1538,696730,20293,8284,654,4605,143199,566,31907,1849,235743,17007,483360,6119,12929,692,1726,594,257191,526,10440,569,8508,775,29472,1255,249,306,69301,1688,1800,90541,21141,5550,696,2093893,2796,708,2521,5932,4113,15855,13490,1192,1803,386,1252,22094,845,232720,10009,11032,24376,303609,139,12648,1227,1348,11662,2014,25766,16044,3200,6339,2858,8727,1720,152383,612,2179,765,2662,459,776,338,2428897,1293,3736,363,243,10702,1158,76569,1261,23626,1731,3844,2328
12,no-to-mild,3,N,426,4-7,-33.5,30.1,0.53,2.2,135,150,2.5,123,11.1,0.1,1.4,679,1.2,220,9,32,59,19.8,70.4,129.8,90.2,0.59,41,7,103,91,6847,21394,165592,5242,50809,238,605402,36073,5398,7411,17876,12972,16270,5958,2772,164,1887,812,306945,702,7995,1246,1690,1277,565,53272,6633,653,2718,110236,336,54644,903,7867,2370,3745,137476,110092,27916,2050,524,412405,36912,18623,1380,8156,191582,704,18354,2398,195721,12754,292264,1516,14569,2072,2560,559,160618,594,2485,677,7842,683,19810,1792,666,388,22978,3237,1631,36945,11430,3057,3415,2352408,814,644,3547,9191,2505,22119,14482,1712,2906,332,944,45609,5738,190540,6580,8136,46891,539539,161,12884,933,352,8376,638,8892,17839,4484,509,3588,3835,1550,179383,687,2099,913,851,528,682,126,3945177,2239,12477,251,277,16557,442,71875,1143,47093,1501,4155,3616
13,moderate-to-severe,6,N,311,4-7,-55,50.3,1.1,2.4,91,135,1.7,101,9.1,0.1,5.4,1238,2.6,100,23,31,46,23,31,46,54,0.46,57,84,463,824,14406,22871,269330,1458,102605,1223,1052081,65059,3519,9184,9067,25901,8545,7896,2625,172,2710,1187,346520,1175,7270,2655,2338,2112,501,1979,67581,1038,1199,131200,838,116947,2662,11012,858,5688,193053,14508,25073,3679,769,428700,61294,19138,1130,6284,459525,390,10800,1577,33736,12583,269767,5487,6819,5763,4583,796,154957,634,11838,521,29653,1083,6838,2403,300,814,22984,2590,1012,24447,9810,7805,997,3856310,4897,4112,2773,9720,4558,18595,21739,2479,847,297,2114,2209,1709,1049558,5368,4351,11261,408380,346,34083,1325,2876,32520,579,37258,24078,10528,890,5754,14212,1892,216895,442,570,775,1139,721,764,219,748254,1379,9903,250,345,8794,545,80022,2039,25636,5303,122918,6211
14,no-to-mild,3,Y,391,4-7,-32.5,38.2,0.59,4.1,300,152,2.5,124,12,0.1,1.8,516,4.5,151,20,40,40,30.2,60.4,60.4,90.6,0.4,31,12,134,161,9538,24426,355780,38625,12895,172,445703,19477,4552,17691,11548,26030,18764,10041,5340,169,1814,1517,93366,477,5488,1664,1901,3591,14510,9373,120748,1095,2456,67345,1104,34245,5915,7932,1432,2204,600909,97111,26703,1965,954,2400866,35479,32200,3031,7421,151197,1260,16439,6225,261148,14914,265651,118,18716,2053,990,411,204043,1154,4887,7067,13902,1337,5800,1919,190,429,44820,596,1248,151723,19626,4751,1968,2552924,733,584,5246,5516,5899,26548,26182,1037,4079,324,1239,21969,2627,230731,12685,10594,44134,459418,230,28746,1412,619,19962,682,3464,20461,6456,2209,2560,8981,2159,396177,523,9979,1590,2336,7963,1508,146,1036711,1684,4073,251,501,10249,2454,36581,1531,42817,1084,6049,3811
15,no-to-mild,4,N,393,4-7,-51,63,1.59,2.2,141,174,2.9,148,12.7,0.1,2.8,1208,1.6,277,19,37,44,52.63,102.49,121.88,155.12,0.44,58,19,620,700,16143,46042,618232,5030,151320,1706,566219,64756,8546,17155,21665,59565,18231,13018,3216,337,2368,715,153441,2184,13132,1876,3400,1617,722,12779,25385,2838,2191,19751,272,146808,3151,9985,4801,1868,389950,91875,16345,3647,2094,220579,128176,38227,6353,9988,350087,1809,31541,2236,227201,9207,751225,3586,19014,2094,3183,1101,416488,793,5260,1600,7638,880,9637,4854,565,736,51825,5444,2416,159529,41204,4975,9275,3195272,1107,1509,3476,5540,3151,31272,25226,2566,6444,471,1656,47435,3745,221107,4831,20173,27596,628275,1470,43160,1883,616,24191,1520,18231,31069,21782,2142,4306,11554,958,851501,546,4556,2477,12635,595,1235,424,559865,44227,4537,355,726,10360,429,41108,1466,10018,1810,5752,5554
16,no-to-mild,2,N,424,4-7,-29.5,35.8,1.53,1.5,97,152,3,130,12.7,0.1,3.1,160,2.6,243,11,17,72,26.73,41.31,174.96,68.04,0.72,20,295,371,157,8891,29201,104000,9079,72990,392,564990,39720,17205,16284,19932,16514,14162,7460,3790,1314,4073,1209,348320,540,5109,7205,2199,1650,1039,11947,14001,725,1558,81628,686,53862,1560,6221,2161,4098,399605,35393,29855,704,4019,1105304,20357,23585,1083,5525,247726,1158,59634,2003,168882,15367,214750,2046,7802,6140,1146,3092,136991,539,3881,1742,10337,990,9579,1538,438,480,19974,1880,2647,77094,14389,4971,10846,5080124,19286,17698,3657,4827,3800,35974,24778,1560,4804,355,1139,21750,3995,256915,11168,8684,29430,411768,210,30387,1367,1492,17853,506,19911,15479,9610,1037,3057,10590,1966,260814,550,1385,673,2484,578,917,187,397395,1931,6748,300,391,9577,3805,29572,835,15650,983,4165,5350
17,no-to-mild,2,N,251,4-7,10.5,7.5,0.82,1.3,65,154,3.1,132,11.3,2.47,3.2,411,2.6,121,12,37,51,14.52,44.77,61.71,59.29,0.51,26,7,159,224,14233,12156,230232,9635,83323,1375,1246722,51680,1762,11300,5326,26751,23217,17301,2744,260,4950,1785,536337,1310,2765,5527,1396,2517,1168,26303,35686,6530,1212,92049,209,91732,3377,9908,4463,2396,199001,135339,17632,1013,1142,1231131,51559,25758,1155,5445,250472,342,5345,2112,171750,9500,243777,1901,16541,2478,2826,921,157103,407,8563,2950,5708,630,14247,2903,327,423,21591,2609,1982,58030,13542,6943,6819,3642595,4953,2084,2928,15945,3556,14796,35074,2319,3285,657,2336,28312,4885,438667,16768,9138,42654,398417,258,23308,1618,784,17434,777,6445,20546,10590,1714,1498,13825,2391,397531,1114,2497,1414,1403,4435,1355,213,384979,2032,8173,43,465,38936,875,28607,3472,29934,1244,550,7628
18,no-to-mild,2,N,255,4-7,-16,26.4,2.71,2,435,186,4.6,160,46.4,0.1,0.5,1204,0.5,838,24,50,26,201.12,419,217.88,620.12,0.26,30,10,327,1014,10370,19786,184015,1910,50000,432,1036643,59193,3278,9626,36082,12526,16209,4989,1542,179,3800,419,61735,2204,4786,3416,2142,1174,552,15086,6459,756,2470,177698,378,105566,4506,8219,3717,3173,228376,21094,26609,2346,434,57534,54293,5979,1186,13524,380362,583,8566,1221,53418,12612,322798,2042,40104,2682,2561,668,159654,1204,9994,1986,4971,951,10687,2063,865,742,31894,4189,2490,77329,17614,3610,2117,3382514,1788,1644,2379,5485,14036,21599,15567,4986,5878,486,1924,90902,3452,220597,2582,7519,12944,832224,611,14730,1451,897,21684,655,22101,19529,8700,1344,5520,6559,2324,286632,510,8746,924,1347,1213,2871,252,2245868,36868,7067,180,323,42738,921,48151,3146,46204,2298,7088,1341
19,no-to-mild,4,N,290,4-7,-28,46.2,2.06,1.9,89,175,3.6,153,13.1,0.1,1.6,373,0.7,192,13,14,73,24.96,26.88,140.16,51.84,0.73,27,9,293,236,17272,25762,358599,4295,57207,630,900469,86009,4543,19726,12345,52916,7659,11314,2002,312,3668,181,374348,824,11758,1895,1811,2453,345,18545,49678,1275,2943,71745,218,125851,773,12337,3886,2654,529671,82159,22160,1490,1739,207895,75462,30611,2912,5770,407082,1348,15469,1586,64610,9168,508778,1080,10627,2251,2644,1360,257130,571,3779,1207,10782,266,9456,5738,2774,471,35252,2423,1645,524644,27659,5060,15081,3612272,1377,1220,2915,8005,4460,18829,32892,2116,4833,1367,1601,42124,31054,54569,6480,23341,21289,600653,1994,15166,1625,585,17267,553,4793,28230,10161,8515,4216,11766,2913,560445,539,2915,1328,1646,975,1043,186,504456,10333,12159,316,400,8131,426,32017,1984,48184,1716,2938,3521
20,no-to-mild,4,N,231,4-7,-39,35.8,3.34,3.8,126,160,3.3,128,10.9,0.1,8.9,488,1.4,157,12,39,49,18.84,61.23,76.93,80.07,0.49,41,32,184,98,13073,56262,244717,4510,572462,1740,939208,52189,12524,10901,29988,23486,30077,12903,5323,381,12240,2267,660467,1831,9572,1100,6150,2915,1603,7822,33004,1036,3371,120923,645,118220,7752,9192,2476,3329,181555,33245,32393,1157,844,630991,65708,14995,2499,9700,375188,1910,35484,2694,109279,15695,317121,3186,18326,7012,5215,995,188707,1177,8080,4123,5992,1287,20114,8040,327,694,28873,3353,4151,17677,16083,7144,7034,3628481,3035,594,3530,14230,7304,29141,52847,1782,5658,495,1570,25074,4229,538468,48807,11047,71621,646514,1741,30434,2193,1777,20113,864,13947,36209,10911,1622,1500,16296,3119,374159,1034,1681,854,3030,1923,2233,209,425765,23619,5007,781,712,38214,1735,74241,2358,22910,1692,1842,5300
21,no-to-mild,3,N,280,4-7,-14.5,17.5,0.98,2.2,144,162,3.5,129,14.7,0.1,2,183,1.1,338,9,18,73,30.42,60.84,246.74,91.26,0.73,15,9,111,95,3604,38409,604825,3800,113701,225,621744,63950,1808,16139,38592,78742,16695,7368,3651,256,7033,177,273167,2106,5510,1412,2005,2366,1650,4175,165003,8993,1220,112423,270,121240,998,7346,1334,2342,298389,151268,18728,916,1105,320368,126812,23742,6628,8359,413640,454,4418,3013,71730,11224,718127,1186,32384,1865,1907,631,286187,620,7667,455,6846,669,8399,2193,1387,579,32497,2550,1468,157923,17442,3300,5600,3178049,2650,1447,3555,9415,5450,30141,20125,2766,5967,414,1212,87884,16849,33779,21012,16889,42902,764483,362,18559,1460,493,16980,470,5220,8628,4867,6784,7085,7666,1732,331688,558,1897,2232,1323,419,847,171,1032869,11958,13976,195,969,9783,548,55547,858,81468,1839,4591,3405
22,no-to-mild,4,Y,258,4-7,11,15.6,61.66,2.9,57,161,3,132,10.4,22.77,14.1,223,0.7,130,14,39,45,18.2,50.7,58.5,71.5,0.45,16,102,71,610,5794,40867,377598,4306,88808,1433,1156727,85794,6563,9665,16882,51662,15648,17442,3621,694,18818,467,295614,877,5917,2530,3522,1507,578,4896,26310,1911,1666,86775,184,179201,722,10476,749,1302,207273,32736,24547,1967,3426,780529,49981,16351,2549,5217,467215,447,22838,2294,99227,15216,383132,2704,24553,4273,7316,3618,225918,766,6478,683,5966,907,13401,1873,776,584,13850,651,1578,103962,15220,9804,13800,3560462,3314,713,1466,7688,9756,25381,31892,638,6520,520,2585,21121,5062,318111,24113,14066,98107,548145,309,38350,2304,922,38176,1377,6896,11857,5834,696,3140,19806,3860,337510,993,1840,1373,1830,648,842,173,555680,1518,2402,201,367,10011,645,67532,3539,28387,397,6622,7650
23,moderate-to-severe,6,N,222,4-7,-66,60.7,1.1,1.8,159,147,2,114,9,0.1,4.5,349,1,218,7,36,57,15.26,78.48,124.26,93.74,0.57,15,19,345,127,10922,39375,440543,2651,81765,431,969317,48040,6003,23494,20861,55413,28359,8107,3164,309,1760,2496,167787,1332,8040,927,2572,1997,596,5099,49793,393,2743,146514,1878,68286,2564,18747,2631,4301,657225,33139,18308,2401,828,598485,90484,30375,7678,7036,359014,1429,18425,3792,217750,9420,590848,5062,18729,2817,2593,764,343015,421,5542,438,9552,1423,4441,4075,285,710,245186,1684,1617,143136,21715,6579,4637,2837068,1164,745,3697,8169,2627,36640,15069,1037,3834,512,1079,32767,3063,494248,4653,12662,24525,411366,393,28782,1414,795,30081,729,48454,31837,27833,2868,1652,9465,5017,681503,511,2776,826,4344,396,797,558,219352,7498,6947,623,315,7799,495,119295,1378,78658,11049,5354,2472
24,no-to-mild,3,N,237,4-7,-14.5,24.5,3.25,1.4,92,155,2.6,124,12,0.1,1.3,2642,1.7,206,22,12,66,45.32,24.72,135.96,70.04,0.66,25,9,79,4885,11770,33961,252764,6730,46932,404,986740,64059,1518,11223,22795,28714,16259,11905,5066,244,1991,356,253783,1177,4195,1748,1749,1501,712,12365,21531,841,438,92902,378,92400,1806,10685,5833,4880,210143,80236,23019,1616,516,424741,53545,14508,1541,6270,212356,508,5548,5501,114608,13817,392988,6833,39162,1906,2044,659,215453,536,9773,630,8715,668,21294,1901,1630,724,42202,3029,1994,86028,21049,3415,2573,3110698,2665,1545,5451,7528,4228,18597,24430,2008,3876,4951,1133,41919,20903,98493,18814,11604,44777,468641,445,29532,1573,887,32173,514,10333,24076,4781,3494,2648,5960,2373,410352,602,1891,806,1115,482,912,144,2287258,3475,8789,229,1364,12644,558,70829,3324,30783,1731,5756,2494
25,no-to-mild,1,N,315,1.5-3,38,1.6,1.52,2.1,532,158,3.3,139,32.2,0.1,0.7,183,1.9,310,35,8,57,108.5,24.8,176.7,133.3,0.57,10,4,79,122,11365,23615,351049,8585,77333,904,361761,84671,5967,23043,13875,52760,26601,12507,6773,657,6378,369,819199,2334,7535,2829,2632,3388,2276,8943,267369,1486,3417,110684,203,168472,4481,6973,4403,2463,392832,203111,24149,1176,1144,492733,70290,43142,4117,14275,647484,437,21558,4238,368960,16450,412896,2096,11798,539,2022,3936,249094,937,17732,2877,7275,654,8836,3789,685,696,31080,3912,1785,227329,21259,4384,7118,2819765,997,1549,4723,12246,6226,24692,29265,1757,4906,608,1315,98899,17318,96247,16677,18936,126807,640849,435,32247,1827,1705,16185,855,6445,19396,5017,11377,2898,12903,2883,600757,1098,2245,2228,1840,4835,3735,292,315161,9230,9374,341,444,10861,2372,18850,1321,81283,2198,5060,5423
26,moderate-to-severe,5,N,324,1.5-3,0.5,20,15.23,1.6,58,143,2.6,118,12.1,0.35,6.3,313,1.2,122,13,43,44,15.86,52.46,53.68,68.32,0.44,10,31,203,302,8668,29571,366230,3031,101034,713,279990,53340,1765,8906,10861,19184,24530,8618,1958,135,1913,703,508061,472,3692,2086,1636,2373,448,12420,13420,603,1108,74095,134,65562,413,4829,2503,3573,115264,126211,24845,2082,800,493727,72423,12352,1256,4860,172923,222,2787,999,120298,13883,725791,3106,7311,3415,3029,704,378780,1262,8536,399,10363,211,10189,1219,1687,426,31693,487,1653,30686,11970,4234,8557,2325662,4632,4149,1595,5881,2736,12834,21431,1760,2959,314,813,18123,10028,185314,6613,15828,10346,306208,224,14831,1131,692,18168,336,10821,5471,2699,2847,1728,773,1285,99327,270,1749,799,628,198,366,115,3624663,955,5571,380,917,20359,342,111870,426,43368,8016,7640,1315
28,moderate-to-severe,6,N,234,1.5-3,-54.5,47.7,2.8,2.2,91,178,3.4,147,13,0.1,2,540,2.4,245,21,11,67,51.45,26.95,164.15,80.85,0.67,17,10,164,586,14396,25240,389392,18030,107057,1391,665836,67916,14986,21391,19589,21307,19922,29699,5859,577,2035,435,327042,1835,12930,4646,955,1370,685,6021,12375,1462,2314,130481,549,136545,3122,10343,5298,4690,312491,82706,20344,2701,744,496149,74201,19952,4409,5820,325743,1851,53785,8486,130281,13416,486509,7740,16716,11855,3734,1857,240992,842,21162,2257,6305,793,14405,2271,1922,1240,37309,4425,2787,67727,45218,8329,6305,3037554,2466,3112,6203,10169,8430,24623,62408,3171,3878,598,2489,63308,21456,78108,26309,12802,105750,540090,481,16061,2498,1207,15206,1445,34156,23267,12518,2681,1562,26663,3851,922898,1405,4705,1891,2674,2328,3004,504,987307,11565,10711,2062,498,17216,366,66144,2627,119828,850,7840,8299
29,moderate-to-severe,6,N,196,1.5-3,-61,40,0.94,2.3,78,154,3.4,121,11.6,1.81,2.4,1174,2.7,101,26,11,62,26.26,11.11,62.62,38.38,0.62,29,12,184,398,14009,25217,371321,11395,239072,632,661903,42480,3764,12111,3531,28389,12064,7893,2495,173,1371,807,286989,969,6313,2271,2551,5633,636,19678,29814,1176,2118,5872,331,115282,6945,14379,4704,1419,216120,78289,8232,2261,729,357223,56854,29879,587,5051,257825,3072,11375,3001,212474,5566,509306,3419,26559,2846,2238,345,276018,801,27009,2383,11957,574,21333,5363,462,970,52078,3152,2544,69217,41317,4270,3661,2076290,2741,2850,2373,7247,3585,34915,14983,579,3637,831,1676,25713,2076,160413,14216,13285,27405,461523,821,31059,1748,2154,24494,665,33587,30801,26898,1080,2433,8260,2986,402634,389,11331,1665,23589,2827,3170,471,3132263,9009,2815,372,376,29245,976,81350,3379,87018,3986,9150,3357
30,no-to-mild,3,N,277,1.5-3,-13.5,17.2,2.35,1.9,121,160,3.3,139,12.7,0.44,1.9,630,1.8,171,18,17,65,30.78,29.07,111.15,59.85,0.65,17,8,163,844,6943,32150,243965,5850,91172,777,719437,73769,3101,19612,6812,52611,21891,9043,3019,230,1489,210,143096,1633,4866,1038,1372,3394,934,14990,25044,2778,1907,80768,6086,80077,3448,10036,5545,2654,443638,197945,16367,2028,552,377887,37236,42302,2228,4679,313236,674,7677,2037,100418,9647,289253,4282,22936,3685,2839,1151,155070,591,11662,681,8701,509,14995,2412,750,643,140460,2252,873,406124,54207,5914,11326,4431217,6233,5646,2694,7630,7629,4118,27552,1601,2199,572,1558,37803,6132,154868,30080,34904,23397,471620,273,23672,1383,1366,19516,733,20353,22085,4345,7769,3991,10293,3540,473506,332,4837,2929,3511,382,1219,256,572961,7522,8341,1225,780,11211,301,42529,868,47594,1230,4900,2042
31,no-to-mild,2,N,201,1.5-3,-13,12.8,1.27,3,633,147,2.9,116,25.8,0.1,10.3,1059,1.5,235,41,9,49,96.35,21.15,115.15,119.85,0.49,25,9,110,1010,12547,59677,394527,4431,43536,457,334935,52827,2201,17157,13582,15124,32121,12424,4046,272,4397,1017,310682,3254,5626,3657,2733,2148,727,4482,60107,806,2732,78799,3625,92096,2080,6498,1615,3261,399699,94992,25511,2361,452,221250,31012,38942,3108,10207,433664,694,6802,2846,386949,14296,478255,2197,23387,3243,1864,1190,261309,794,8581,504,10841,1524,12098,3829,305,492,51429,6774,1814,107254,17917,4627,6150,2712342,1238,2013,3063,7595,7651,31724,34076,1748,4145,2191,2047,47597,5657,215251,8177,18003,225813,668312,872,15234,1770,1226,10437,1659,36810,28131,7130,4613,4335,12711,1742,963570,1224,3521,939,2290,364,1493,293,1265716,20468,4640,810,1904,28705,399,126712,1887,50822,1616,24534,2633
32,no-to-mild,3,N,284,1.5-3,-7,36.7,1.27,1.9,32,156,2.7,130,10.7,1.37,1.5,146,3.2,114,12,42,46,13.68,47.88,52.44,61.56,0.46,15,7,63,145,15988,56737,212413,9014,91501,1462,754618,38010,1590,12221,7635,34882,23965,9153,976,161,2210,279,182155,1264,5416,10250,10693,1769,537,11948,11505,3265,906,33783,246,85353,924,6596,1615,3533,249874,105339,30147,2166,320,658695,48019,23692,7089,3812,157112,223,3545,4623,59304,17335,301890,3982,19284,3323,1896,388,158133,417,6440,497,10363,348,15861,2936,475,410,34890,1595,2568,138756,11406,3005,8151,2761868,5883,5647,3563,18886,4417,11720,24633,1473,2559,645,1435,24001,2827,77410,7415,19105,38367,377455,482,10527,1589,1730,13452,890,4090,27344,5381,2669,5497,10107,1938,322012,608,1273,1494,1603,991,2460,23,3211838,11539,5392,176,1053,20794,1046,56596,2325,27558,1398,56960,2172
33,no-to-mild,4,N,268,1.5-3,-49.5,36,1.53,2.1,66,171,3.6,143,26.3,0.1,2.7,918,0.8,231,2,28,70,4.62,64.68,161.7,69.3,0.7,25,12,130,465,7853,13258,698487,3531,155050,494,623311,55644,4173,8631,19224,63850,9815,4894,1479,281,2745,263,84945,642,13665,850,1278,993,246,4686,33676,647,612,62736,238,71996,555,7540,4855,2535,196110,93728,13146,846,538,35736,141398,15297,14070,6283,362056,1127,12751,2046,114041,7962,869555,2524,34783,1187,1649,415,400325,524,10806,302,8047,808,7855,1593,4380,389,49960,2155,1744,119825,19754,2139,4645,1672055,849,1274,2209,18600,2727,15086,7599,1639,1618,307,927,34356,9241,4321,4827,18213,22644,428401,153,13020,1350,417,22630,701,15166,10417,19344,1085,2613,2206,1871,245146,307,1311,2090,1187,204,551,123,3671908,1315,11024,279,352,12251,418,61749,1726,122403,5825,3998,529
34,moderate-to-severe,6,N,341,1.5-3,-33,19.1,5.07,1.8,68,150,3,121,12.1,0.1,3.8,169,1,190,16,31,53,30.4,58.9,100.7,89.3,0.53,10,15,140,126,5720,22805,478329,4225,67808,326,389765,51949,1189,14259,11618,120254,9565,2869,7448,76,2525,832,408610,716,1999,4154,1576,2295,8750,19686,48821,505,2097,110543,1833,43800,575,4769,1983,2664,172460,127629,21427,1554,280,248225,26108,38271,2221,5342,102685,221,2976,1745,144828,13095,724480,3110,12139,1490,1364,262,422758,515,8608,324,8876,413,19777,1282,1300,542,252088,1703,1581,98320,12628,2776,3974,2362193,4693,3950,2202,4676,2321,12602,12186,1539,3486,335,879,23095,15421,248832,7554,19459,27769,320748,168,19842,1004,560,17514,450,10201,10387,4581,4418,2625,5662,4439,291607,367,1501,1106,2455,232,489,163,2931650,388,20238,567,413,12669,276,86272,562,64735,3945,825,931
35,no-to-mild,1,Y,244,1.5-3,13,7.3,1.62,1.9,108,152,3.8,129,12.9,0.16,2.5,321,7.4,184,17,39,44,31.28,71.76,80.96,103.04,0.44,13,4,45,229,6369,36774,240743,98993,51897,304,821961,39426,2004,48174,11573,30973,14611,2116,2573,161,3059,247,146536,1850,3478,3269,3028,2416,549,4246,64561,2534,1825,78813,1552,73842,24247,12863,4779,2878,1187924,161205,31506,1995,349,375795,35593,15961,3121,7511,156956,385,2286,1057,283156,17530,236950,1762,9710,3241,1746,366,119853,329,24761,2405,25095,1489,16204,24534,441,1045,89660,2897,1926,515176,20757,3049,4039,3982845,2770,2518,2281,5196,3529,21637,6311,1092,3611,1246,1081,32795,3920,19604,5462,25180,30275,496672,335,19986,1245,2668,15756,1096,25464,45988,23647,8225,3973,3992,1038,239289,562,1873,2033,2988,1090,3386,522,410355,23110,12983,520,368,14376,1492,42057,1160,106801,1235,4014,954
36,moderate-to-severe,5,N,260,1.5-3,7.5,15.1,6.41,1.3,58,160,2.8,136,11,3.42,2.5,296,2.5,145,25,9,66,36.25,13.05,95.7,49.3,0.66,28,32,375,240,17874,65158,360441,9283,264369,418,567383,66246,3043,14191,15960,36569,26499,16034,5882,214,2684,1064,271860,1989,4991,11608,1069,2190,742,14938,55300,1306,2395,83687,299,113623,1173,11482,4764,1562,263235,209912,13185,1105,1008,1407084,18093,24551,991,7490,270640,689,7846,4247,143279,7684,322652,2220,28392,7522,3976,944,189964,966,13325,734,4469,772,12366,2988,477,761,28964,2410,3015,110485,14406,7182,7652,3686257,6432,5750,1387,7656,279370,23963,66744,2254,7253,500,1354,31712,4963,159120,19403,23204,33344,499938,274,32021,2112,2257,29021,1040,13484,19198,11142,1327,3377,14839,2493,685187,874,9221,2466,1474,1172,1699,254,70216,3329,7816,519,505,5577,1944,53927,1776,60627,1056,7245,4007
37,moderate-to-severe,6,N,308,1.5-3,-25,32.1,1.4,2.9,67,150,2.9,123,11.4,0.58,1.7,309,1.9,166,14,44,41,23.24,73.04,68.06,97.94,0.41,10,10,293,415,15134,35524,273229,12682,54651,1220,871097,63030,2282,20706,20940,24241,40852,21261,8293,201,2964,693,287932,1876,6333,1588,1567,2261,1237,18877,4831,790,2705,85830,2110,95808,1165,6623,2984,4009,252632,91885,19460,1566,712,492591,44990,17953,3737,9116,253825,907,6942,8562,110012,11428,363984,3851,50054,3326,3707,890,188169,689,44058,427,15992,633,20445,2126,451,1304,42405,568,2485,72876,29747,6525,5381,4293106,2815,1053,7252,10230,10403,20387,43398,2338,5307,9713,1524,49037,12762,81156,22074,15272,71035,523266,424,33147,1653,1099,21821,600,31665,44662,6188,3658,1814,11151,2711,557234,877,3676,1573,737,334,714,252,708750,827,12957,1251,1578,12875,146,50980,1435,12623,2177,10109,2580
38,moderate-to-severe,5,N,368,1.5-3,-27.5,38.2,5.28,3.2,83,152,3.5,126,13.1,0.45,2.4,357,1,160,21,21,57,33.6,33.6,91.2,68.8,0.57,12,10,274,125,17607,33799,202312,4910,44119,715,943719,79040,4223,13177,12320,24199,22617,10390,2007,157,3383,843,668862,3821,4375,1785,3218,3174,373,26469,7536,773,2355,88503,1905,143870,1583,7282,4040,2065,251553,152457,13990,1885,774,504778,33743,22685,2866,5693,387482,1179,12377,3455,132770,8292,334002,3474,34917,2933,1541,562,181869,572,28471,685,5213,530,24737,3159,434,98,50167,2297,2946,90830,26944,3694,7111,4144861,1751,2100,4394,7223,6071,18735,13138,2078,4186,2165,1432,38920,13794,165573,7063,25735,41344,481865,1740,27902,1787,970,29839,1381,18670,29272,6097,2216,2698,26476,2643,509372,458,4910,863,1610,433,759,209,395474,32357,9209,529,1331,12311,475,32532,2182,18044,1415,5298,1231
39,moderate-to-severe,6,N,263,1.5-3,-41.5,49.9,1.91,2.6,167,151,4.1,124,17.5,0.86,3.5,810,1.4,208,15,21,64,31.2,43.68,133.12,74.88,0.64,28,14,734,544,14380,26459,410414,8470,40605,462,626458,60337,7682,22925,11236,51059,20500,13950,3098,195,2378,332,225626,1562,9189,1105,1624,1188,453,3716,62101,820,2787,94961,963,90800,6538,7114,2939,2374,515303,88217,13278,843,932,469364,86869,21072,27410,9043,206867,2050,28747,3300,211776,9600,424936,1794,45582,4397,2001,698,214609,172,9955,1225,397,2107,9558,4184,909,665,76545,2966,3268,331841,42135,3910,5647,3391448,1310,1223,2951,8666,4538,23824,28000,2272,2002,1732,1690,51312,16235,104373,8392,19269,41770,523502,979,16554,1513,813,17788,743,13390,35798,10329,6796,2794,8127,2810,549314,364,5253,2023,1092,336,1421,205,1058188,41161,9690,537,1192,8539,499,58688,298,64049,2647,13324,3558
40,no-to-mild,3,N,276,1.5-3,-27,32.4,1.88,3.1,106,163,3.9,144,15.8,0.1,3.3,405,1.6,308,27,15,58,83.16,46.2,178.64,129.36,0.58,14,11,693,126,12451,29906,342182,4765,114789,699,913891,49281,3798,18708,15825,36396,19837,18834,3523,515,5012,2441,206180,870,7021,1496,1147,1232,522,18950,27894,420,2954,53515,265,88519,279,9377,3524,2957,285960,225678,16792,1219,954,324088,30916,9164,2048,6874,281240,506,13160,3595,346739,9714,695770,3196,21832,1000,3184,1776,342886,710,10284,1734,6983,626,7622,1794,1151,575,27467,2526,983,95680,13254,5313,3497,2294581,1602,1382,3668,9250,3070,20264,43377,2354,562,25958,1169,53895,5798,356626,11047,27561,40023,445393,766,10332,1248,534,19863,803,26881,20340,6984,4294,1230,13041,2561,272224,501,6274,1632,1543,510,787,206,2149822,7179,9949,601,763,16945,547,108176,592,90926,7804,3688,4889
41,no-to-mild,2,N,179,1.5-3,-18.5,24,1.13,3.5,61,151,2.8,121,11.4,0.26,0.9,831,1,192,11,44,46,21.12,84.48,88.32,103.68,0.46,25,10,143,746,9154,23322,276124,5252,54043,938,1083027,77765,2959,20614,7071,35435,17467,7317,2801,228,2233,499,501533,492,9182,1496,1889,3051,458,13745,31636,5845,1587,71803,291,110722,438,6045,3085,3707,205050,100510,20351,2086,1409,330051,25704,25156,3205,5007,225554,1028,7643,1210,96487,12476,392271,2617,9660,1553,1337,722,227525,440,19788,716,12183,549,8316,1689,1095,182,84199,2347,2078,94633,20687,4822,6943,3215628,1351,1331,1655,19878,5096,21663,21592,2795,3651,7560,1171,36157,7149,128786,9234,12731,47564,386112,304,13380,1377,819,21863,529,49624,12959,34156,934,3008,5723,1024,245680,505,4503,1554,2176,302,632,269,2081957,1618,12171,237,343,9562,550,49131,1589,36824,2654,26822,1318
42,moderate-to-severe,9,N,230,1.5-3,-45,53.3,2.5,2.5,97,192,3.8,172,11.6,0.1,6.9,481,1.5,311,20,32,48,62.2,99.52,149.28,161.72,0.48,13,17,360,710,7542,36321,301118,10157,190565,506,971995,75844,13021,16542,18276,75580,10374,8145,2272,637,1575,551,538928,841,41199,1266,2556,1606,1653,23309,19011,677,3329,178420,411,127207,654,10471,2684,5747,325173,71390,18940,2480,1007,365585,64909,15440,24882,8286,230558,3012,47365,915,129428,9661,431955,4354,34759,2682,2412,1572,235805,548,28434,371,26820,3799,9543,1379,1117,2032,38360,8105,2101,117208,58643,4412,5081,4067545,1296,2129,3768,14052,5077,5353,24842,2052,3515,5218,2235,80956,33618,100099,9218,13639,41415,500747,1063,28591,1843,414,19654,930,48405,7638,11110,5730,2607,12164,3357,384882,930,3043,2012,6199,220,615,338,434196,5798,10638,248,687,7535,347,38078,1568,35751,1477,5608,4299
43,no-to-mild,4,N,281,1.5-3,-22.5,21.4,2.73,1.4,135,167,3.5,144,11.3,0.1,6.3,408,1,229,13,49,39,29.77,112.21,89.31,139.69,0.39,13,10,137,274,6630,26963,163267,1440,78267,326,1149424,54491,1149,34037,14282,79093,10847,4138,1893,95,2628,171,36564,878,3014,4023,580,1042,330,2604,29434,1670,2472,120847,633,71350,5034,9188,2965,4929,862747,112042,28327,2623,238,108083,35920,20555,1105,4920,198244,247,2559,653,113564,15897,257859,4662,7390,2765,1658,272,133673,608,15503,438,5873,349,8507,5574,1418,437,167268,1876,1438,508142,29652,4274,5124,2277518,3459,3388,1718,3690,1752,17484,11369,1295,4052,274,1466,33181,3910,186699,6932,30412,20075,396641,861,24669,806,1225,19462,491,15558,8506,8833,6810,947,8388,1665,48336,299,1227,1982,1327,1316,2126,131,3049522,13575,14489,363,228,5576,292,44069,1322,34654,5413,3736,1259
44,moderate-to-severe,5,N,149,1.5-3,21,27.9,2.19,0.5,84,152,4.1,132,11.3,0.1,5.7,380,0.6,193,12,40,37,23.16,77.2,71.41,121.59,0.37,11,5,84,361,16555,66876,246282,692,29903,2329,636825,39501,2132,39538,9440,59704,32167,14392,3406,221,2339,168,267900,1679,4684,4522,3158,2596,770,6636,25656,3850,2322,132990,55754,93192,4697,11535,2166,2059,533542,35969,9322,1678,468,503958,58668,11351,1917,6220,178174,453,4159,1309,170316,6633,277636,4357,14095,3145,2213,955,135667,591,21491,2599,5744,1372,6351,3022,387,473,95074,2255,2196,117552,114186,9984,4215,4182277,10210,473,3300,9485,3721,11441,37184,2215,3310,19446,909,44326,1209,14541,42483,7792,98366,535487,442,18180,1509,792,17931,873,31549,28133,8567,3313,3894,18331,1113,240096,696,1671,1020,12034,506,1770,1041,1159158,8524,8791,1574,643,14386,672,47966,2424,31168,2488,4560,3266
45,moderate-to-severe,8,N,308,1.5-3,-38,51.8,1.85,2.3,125,157,3.3,131,16.7,0.1,3,589,2.1,271,NA,NA,NA,NA,NA,NA,NA,NA,18,13,318,327,7885,42870,241863,18336,118484,279,1334326,67157,13411,18974,15811,30708,14512,12745,2820,360,3532,501,633057,3395,15739,1361,1747,1392,623,5485,17538,427,1406,62304,272,142884,905,8608,1891,5115,280486,179338,27406,857,1458,721423,51647,23605,6894,5885,208612,3126,49924,2968,193357,16469,356676,3478,11203,3147,2231,2296,206056,908,13551,392,11194,1469,8821,1884,1228,716,49677,4478,1460,96495,23384,6386,5988,3504773,1421,694,3620,11050,9021,18599,27902,4400,2337,13716,1126,52662,31967,99227,25685,21139,63695,508516,412,31272,1574,405,28174,910,16864,17958,3482,3949,4692,12015,2342,329519,840,2006,1411,857,439,915,182,555402,8895,15596,296,1632,10395,1232,51031,1100,23302,2228,4104,1902
46,moderate-to-severe,10,N,384,1.5-3,-65,54.4,9.18,1.4,44,163,2.2,130,11.5,1.13,8.8,809,0.9,160,8,34,57,12.8,54.4,91.2,68.8,0.57,20,8,161,873,6988,25289,313409,3564,33325,297,766941,72821,2768,12798,8426,69800,3159,3648,2111,195,5587,338,543981,803,6303,481,1935,2781,430,32631,77615,705,1287,79411,196,100106,1059,5545,2543,5426,288503,143899,23288,1634,1067,141792,64555,45251,5804,4062,319039,570,8873,790,87608,15519,489194,5279,17721,397,1532,604,259886,389,7055,802,12602,542,20654,1786,385,375,52296,2697,456,132129,23830,2357,7498,3406857,2627,2616,2202,4774,3529,16420,9483,1617,1662,322,1277,29471,11328,197062,2635,15899,23143,363025,400,28510,1252,479,29743,597,15712,16421,11224,4858,3182,9121,762,682920,386,1846,1705,1801,425,915,211,1431365,2128,8619,262,373,15833,494,51756,1129,74195,2013,4199,814
47,no-to-mild,3,N,191,1.5-3,3.5,22.9,3.97,0.7,114,168,4.7,136,12.7,0.1,0.7,423,1,276,4,27,69,11.04,74.52,190.44,85.56,0.69,10,6,249,308,22639,39443,200142,4938,38592,1712,347524,48040,3207,18979,15496,19355,33401,18999,3734,243,1329,212,138710,1056,4772,1355,2917,1762,633,77205,14610,906,1597,101750,17311,68547,1006,11696,1759,4222,222100,84133,19015,1546,616,510500,34526,22660,850,8357,318459,419,6813,1815,88996,11651,345625,3114,91400,5161,786,1253,195564,519,17593,1032,7400,457,11093,2025,415,824,71455,2962,2044,78542,56147,8146,12808,4481419,7529,6429,2919,11957,6453,23745,34064,4663,2241,728,323,75520,3637,37357,40881,11132,85243,577657,324,19595,1506,1024,18529,859,59073,34296,4741,3677,2423,16077,1910,427768,721,1824,1045,2681,249,1253,427,1239856,7835,9662,474,806,10821,757,48532,5678,19466,1626,12239,4012
48,no-to-mild,4,N,407,1.5-3,21.5,8.4,4.6,2,39,151,3,130,11.7,4.78,1,1347,1.2,160,10,43,46,16,68.8,73.6,86.4,0.46,30,17,137,1179,2722,31909,325315,3775,109404,238,762589,51618,3693,15535,12591,67744,28249,10983,5951,134,1976,2912,537524,834,6203,1314,2072,2210,10498,31557,41198,1898,2824,113283,615,143274,915,8863,1634,341,289621,139643,13505,1172,1301,719717,70746,28321,3346,6632,177242,391,9604,6479,177100,9877,565884,726,38250,2555,3902,751,293867,647,11944,546,6787,689,12101,2085,419,749,71007,4743,2005,40232,8343,4828,3483,3620094,3413,2828,6175,7562,8466,15690,19287,4851,1973,378,1135,27359,4807,338357,27283,12855,63916,415679,245,34467,1385,1282,25887,714,13377,21313,3171,5938,2548,11171,2881,418876,915,2719,1040,1041,346,1052,186,604972,3490,8060,196,339,9445,912,72613,1492,42462,1133,5029,6657